me_interesa,estatus_aplicacion,razon_o_notas,match_pct,vertical,company_tier,title,company,estimated_salary_mxn,ai_verdict,location,date_posted,job_url
,,,70,PMO_Proyectos,Tier 1 - Transnacional,Encargado(a) PMO - Ciudad de México,Deloitte,"$30,000 - $40,000 MXN","El candidato tiene la formación ideal en Gestión de Proyectos e Ingeniería Industrial, pero su enfoque profesional es hacia marketing y trade marketing, mientras que la vacante en Deloitte es estrictamente para PMO (Oficina de Gestión de Proyectos).","Mexico City, Mexico",2026-10-01,https://www.linkedin.com/jobs/view/4474358151
,,,70,PMO_Proyectos,Tier 1 - Transnacional,Coordinador de productividad,PepsiCo,"$28,000 - $35,000 MXN","El candidato cumple con el nivel de experiencia (Coordinador) y la ubicación en CDMX. Sin embargo, su perfil está orientado a Marketing y Trade Marketing, mientras que la vacante en PepsiCo es de 'Productivity', un área más afín a su ingeniería industrial pero alejada de su objetivo profesional.","Mexico City, Mexico",2026-09-29,https://www.linkedin.com/jobs/view/4471748869
,,,70,PMO_Proyectos,Tier 1 - Transnacional,SC Assoc Analyst,PepsiCo,"$28,000 - $35,000 MXN","El perfil de Ingeniería Industrial y experiencia analítica encaja bien con un puesto de Supply Chain (SC Assoc Analyst) en PepsiCo, aunque el candidato prefiere roles de marketing o trade marketing. El nivel de analista asociado se alinea con sus expectativas de puesto y salario.","Mexico City, Mexico",2026-09-29,https://www.linkedin.com/jobs/view/4471754621
,,,60,PMO_Proyectos,General,Local Operations Coordinator,Euronet Payments Infrastructure,"$30,000 - $40,000 MXN","El candidato cumple con el nivel de experiencia (Coordinator) y ubicación en CDMX, pero su perfil está enfocado en Marketing y Trade Marketing, mientras que esta vacante en Euronet Payments Infrastructure es de Operaciones Locales, alejándose de su objetivo profesional.","Mexico City, Mexico",2026-10-06,https://www.linkedin.com/jobs/view/4476179446
,,,60,RD_Desarrollo,General,Mobility Rotation Program - CB3 - NM,Axalta,"$30,000 - $35,000 MXN","La vacante es un programa de rotación en Tlalnepantla (afín a la ubicación), pero está enfocada en operaciones o cadena de suministro industrial (Axalta), alejándose del objetivo principal del candidato de enfocar su carrera en Marketing o Trade Marketing.","Tlalnepantla, México, Mexico",2026-10-06,https://www.linkedin.com/jobs/view/4411820575
,,,50,PMO_Proyectos,Tier 1 - Transnacional,Project Manager - Senior Associate,PwC México,"$35,000 - $45,000 MXN","El candidato tiene la formación en gestión de proyectos, pero busca roles en marketing o trade marketing y un nivel de analista/especialista. La vacante en PwC es de nivel Senior Associate / Project Manager, lo cual excede su experiencia previa y no está alineada con su objetivo de marketing.","Mexico City, Mexico",2026-10-06,https://www.linkedin.com/jobs/view/4474009872
,,,50,PMO_Proyectos,Tier 1 - Transnacional,Gerente de Proyecto Asociado Senior,PwC México,"$35,000 - $45,000 MXN","El candidato busca áreas de Marketing o Trade Marketing en niveles de analista o coordinador, mientras que la vacante es de gestión de proyectos (Project Management) en una consultora y con nivel gerencial junior/asociado, lo cual no alinea con sus objetivos de carrera.",Mexico City Metropolitan Area,2026-10-02,https://www.linkedin.com/jobs/view/4474767468
,,,35,PMO_Proyectos,Tier 1 - Transnacional,Specialist Governance Techcnology,BBVA en México,"$30,000 - $40,000 MXN","Baja coincidencia. El candidato busca roles de Marketing o Trade Marketing, mientras que la vacante en BBVA es de Governance Technology (TI/Procesos), un perfil técnico muy alejado de su experiencia y objetivos profesionales.","Atizapán de Zaragoza, México, Mexico",2026-10-01,https://www.linkedin.com/jobs/view/4474364920
,,,20,RD_Desarrollo,Tier 1 - Transnacional,Chemical Analyst Microbiology,Reckitt,"$25,000 - $35,000 MXN","La vacante es para Chemical Analyst en Microbiología, lo cual requiere un perfil químico/biológico técnico. El candidato es Ingeniero Industrial con experiencia en Marketing y Ventas, por lo que no hay alineación con sus objetivos profesionales ni su formación técnica.","Mexico City, Mexico",2026-10-06,https://www.linkedin.com/jobs/view/4476149964
,,,20,PMO_Proyectos,Tier 1 - Transnacional,MEX-CNS-Risk-Risk Other-Senior 4,EY,"$35,000 - $45,000 MXN","Bajo match. El candidato busca áreas de Marketing y Trade Marketing con perfil de Ingeniería Industrial, mientras que la vacante en EY es para el área de Riesgos (Risk Consulting), lo cual no se alinea con sus objetivos profesionales ni su experiencia previa.","Mexico City, Mexico",2026-10-03,https://www.linkedin.com/jobs/view/4464227927
,,,10,PMO_Proyectos,Tier 1 - Transnacional,Senior Penetration Testing Coordinator,HSBC,"$35,000 - $45,000 MXN","La vacante es para Ciberseguridad (Penetration Testing), totalmente ajena al perfil del candidato enfocado en Ingeniería Industrial, Marketing y Trade Marketing.","Azcapotzalco, Mexico City, Mexico",2026-10-06,https://www.linkedin.com/jobs/view/4476137790
,,,10,RD_Desarrollo,General,Químico de Estabilidades,MAVI Farmacéutica,"$18,000 - $25,000 MXN","El candidato tiene perfil de Ingeniería Industrial con enfoque en Marketing y Ventas, lo cual es totalmente incompatible con la vacante de Químico de Estabilidades, que requiere formación en Química, Farmacia o afín.","Álvaro Obregón, Mexico City, Mexico",2026-10-06,https://www.linkedin.com/jobs/view/4476147420
,,,5,RD_Desarrollo,General,Químico Analista de Control Fisicoquímico,SmartHire,No especificado,"La vacante es para Químico Analista de Control Fisicoquímico, lo cual no coincide con la formación en Ingeniería Industrial ni con el perfil de marketing y ventas del candidato.","Mexico City, Mexico",2026-10-06,https://www.linkedin.com/jobs/view/4474680906
,,,5,RD_Desarrollo,General,Químico de Desarrollo Analítico,MAVI Farmacéutica,"$18,000 - $25,000 MXN","La vacante requiere formación como Químico, lo cual no coincide con el perfil de Ingeniería Industrial del candidato. Además, el área farmacéutica y técnica difiere de su experiencia y objetivo en Marketing y Trade Marketing.","Álvaro Obregón, Mexico City, Mexico",2026-10-06,https://www.linkedin.com/jobs/view/4476156041
,,,0,RD_Desarrollo,General,Químico de Calidad,SmartHire,No especificado,"No hay coincidencia. El candidato es Ingeniero Industrial con experiencia en marketing, ventas y trade marketing, buscando puestos de analista o especialista en áreas comerciales, mientras que la vacante es para un Químico de Calidad, un perfil técnico completamente ajeno a su formación y objetivos profesionales.","Mexico City, Mexico",2026-10-06,https://www.linkedin.com/jobs/view/4474693277
Por revisar,Pendiente,,95,Marketing_Brand,Tier 1 - Transnacional,Trade Marketing Specialist,AstraZeneca,"$25,000 - $30,000 MXN","La vacante coincide perfectamente con el nivel (Specialist), área (Trade Marketing), ubicación (CDMX) y rango salarial esperado por Alma, además de respaldarse por su experiencia previa en ventas y marketing.","Venustiano Carranza, Mexico City, Mexico",2026-10-02,https://www.linkedin.com/jobs/view/4473355073
Por revisar,Pendiente,,90,Marketing_Brand,Tier 1 - Transnacional,Customer Marketing Coordinator,Haleon,"$25,000 - $30,000 MXN","La vacante de Customer Marketing Coordinator en Haleon (CDMX) encaja perfectamente con el perfil económico-administrativo de Alma, su experiencia previa en ventas/marketing y su objetivo de rol a nivel coordinador, cumpliendo con su expectativa salarial.","Mexico City, Mexico",2026-10-03,https://www.linkedin.com/jobs/view/4473810840
Por revisar,Pendiente,,88,Marketing_Brand,General,"Product Marketing Associate, Rewards",Sezzle,"$25,000 - $30,000 MXN","La vacante de Product Marketing Associate en Sezzle para CDMX se alinea muy bien con el perfil de Alma, ya que busca un nivel de asociado (analista/especialista), experiencia previa en marketing y ventas, y se ajusta a su expectativa salarial y ubicación geográfica.","Mexico City, Mexico",2026-10-06,https://www.linkedin.com/jobs/view/4467284141
Por revisar,Pendiente,,85,Trade_Marketing,Tier 1 - Transnacional,Especialista Cuentas Clave,Nestlé,"$28,000 - $35,000 MXN","Excelente coincidencia en nivel (Especialista), empresa (ya cuenta con experiencia previa en Nestlé) y ubicación en CDMX. Aunque el rol está más enfocado al área comercial/ventas que a marketing puro, su trayectoria como Sales Analyst en Alen respalda fuertemente su candidatura y el rango salarial cumple o supera sus expectativas.","Miguel Hidalgo, Mexico City, Mexico",2026-10-02,https://www.linkedin.com/jobs/view/4474797338
Por revisar,Pendiente,,85,Marketing_Brand,Tier 1 - Transnacional,Analista Digital,Nestlé,"$25,000 - $30,000 MXN","La vacante es ideal porque coincide con su objetivo de analista, su experiencia previa en la misma empresa (Nestlé) y la ubicación en el Área Metropolitana, cumpliendo con sus expectativas salariales y de nivel profesional.","Cuautitlán, México, Mexico",2026-10-01,https://www.linkedin.com/jobs/view/4474550186
Por revisar,Pendiente,,85,Marketing_Brand,Tier 1 - Transnacional,Ecommerce Enablement Assoc Analyst,PepsiCo,"$25,000 - $30,000 MXN","La vacante en PepsiCo coincide con el nivel de analista buscado, la ubicación en CDMX y el rango salarial esperado, además de estar alineada con su perfil comercial y experiencia previa.","Mexico City, Mexico",2026-09-29,https://www.linkedin.com/jobs/view/4471777791
Por revisar,Pendiente,,80,Trade_Marketing,Tier 1 - Transnacional,Especialista de Field Marketing,Deloitte,"$25,000 - $30,000 MXN","La vacante de Especialista de Field Marketing en Deloitte en CDMX se alinea perfectamente con el nivel de experiencia (Analyst/Specialist), la expectativa salarial de Alma y su objetivo en áreas de marketing.","Mexico City, Mexico",2026-10-06,https://www.linkedin.com/jobs/view/4476326598
Por revisar,Pendiente,,80,Marketing_Brand,General,Social Intelligence Analyst,OLIVER Latin America,"$25,000 - $30,000 MXN","El puesto de Social Intelligence Analyst en OLIVER Latin America se alinea bien con el nivel de Analista buscado y la ubicación en CDMX. Sin embargo, requiere un enfoque más analítico de datos digitales que el perfil puramente comercial/marketing de Alma, aunque sus prácticas en Nestlé y Dell le otorgan las bases necesarias.","Mexico City, Mexico",2026-10-06,https://www.linkedin.com/jobs/view/4457172511
Por revisar,Pendiente,,78,Marketing_Brand,Tier 1 - Transnacional,Sales Bus Dev Sr Coordinator,PepsiCo,"$30,000 - $38,000 MXN","Excelente coincidencia en industria (consumo masivo/FMCG) y nivel jerárquico (Coordinator), alineado con su experiencia en Grupo Alen y Dell; aunque se inclina hacia ventas/desarrollo de negocio en vez de marketing directo, representa un crecimiento estratégico viable en PepsiCo.","Mexico City, Mexico",2026-10-06,https://www.linkedin.com/jobs/view/4474033065
Por revisar,Pendiente,,75,Marketing_Brand,General,Social Media Operations Analyst,OPPO,"$25,000 - $30,000 MXN","La vacante de Social Media Operations Analyst en OPPO se alinea bien con el nivel de analista buscado y la ubicación en CDMX. Sin embargo, se enfoca fuertemente en redes sociales y operaciones digitales, alejándose un poco del perfil ideal de Trade Marketing o Brand Specialist, aunque sigue siendo una opción viable dentro del área de marketing.","Mexico City, Mexico City, Mexico",2026-10-06,https://www.linkedin.com/jobs/view/4474984468
Por revisar,Pendiente,,75,Marketing_Brand,Tier 1 - Transnacional,"Global Graduate,Marketing",SC Johnson,"$25,000 - $35,000 MXN","El puesto de Global Graduate en Marketing de SC Johnson es ideal para su perfil y experiencia previa en multinacionales; sin embargo, los programas 'Graduate' suelen ser de rotación o entrenamiento y a veces tienen estructuras salariales particulares, aunque encaja bien con su objetivo en CDMX.",Mexico City Metropolitan Area,2026-09-30,https://www.linkedin.com/jobs/view/4472613672
Por revisar,Pendiente,,75,Marketing_Brand,Tier 1 - Transnacional,Integrated Insights & Strategy Associate,Pfizer,"$25,000 - $35,000 MXN","La vacante en Pfizer coincide con el nivel de experiencia (Associate) y la ubicación en CDMX. Sin embargo, se enfoca en Insights y Estrategia más que en marketing operativo, pero está muy alineada con su perfil analítico.","Mexico City, Mexico",2026-09-30,https://www.linkedin.com/jobs/view/4473960331
Por revisar,Pendiente,,50,Trade_Marketing,Tier 1 - Transnacional,Fin Pricing Sr Coordinator,PepsiCo,No especificado,"El perfil de Alma es de Marketing, Trade Marketing y Brand Management, mientras que la vacante es de Finanzas (Pricing), enfocada en áreas analíticas financieras y no comerciales/marketing. Además, el nivel de 'Sr Coordinator' supera ligeramente su experiencia previa como analista y becaria.","Mexico City, Mexico",2026-10-06,https://www.linkedin.com/jobs/view/4465257213
Por revisar,Pendiente,,50,Trade_Marketing,Tier 1 - Transnacional,S&CM Channel Manager,Beiersdorf,No especificado,"La vacante es para un nivel de Manager (Channel Manager), lo cual excede el nivel buscado por Alma (Analyst/Specialist/Coordinator). Aunque cumple con la ubicación y área comercial, el nivel jerárquico no es compatible con su perfil actual.","Mexico City, Mexico",2026-10-05,https://www.linkedin.com/jobs/view/4473621966
Por revisar,Pendiente,,50,Trade_Marketing,Tier 1 - Transnacional,Jefe Planeación Comercial,Nestlé,"$25,000 - $30,000 MXN","La vacante es para un puesto de 'Jefe' (nivel Gerente/Manager), lo cual supera el nivel de Specialist, Analyst o Coordinator buscado por Alma, a pesar de que la empresa y la ubicación son ideales.","Miguel Hidalgo, Mexico City, Mexico",2026-10-01,https://www.linkedin.com/jobs/view/4474533858
